,Unnamed: 0,CountryName,Date,StringencyIndex,GovernmentResponseIndex,ContainmentHealthIndex,EconomicSupportIndex
0,0,Aruba,20220101,41.67,44.27,47.02,25.0
31,31,Aruba,20220201,32.41,39.06,41.07,25.0
59,59,Aruba,20220301,28.7,36.98,38.69,25.0
75,75,Afghanistan,20220101,19.44,16.88,19.29,0.0
106,106,Afghanistan,20220201,19.44,16.88,19.29,0.0
134,134,Afghanistan,20220301,19.44,16.88,19.29,0.0
150,150,Angola,20220101,66.67,59.9,68.45,0.0
181,181,Angola,20220201,70.37,61.98,70.83,0.0
209,209,Angola,20220301,60.19,59.9,68.45,0.0
225,225,Albania,20220101,46.3,52.6,52.98,50.0
256,256,Albania,20220201,61.11,57.81,58.93,50.0
284,284,Albania,20220301,46.3,43.75,50.0,0.0
300,300,Andorra,20220101,59.26,72.92,69.05,100.0
331,331,Andorra,20220201,35.19,56.25,50.0,100.0
359,359,Andorra,20220301,23.15,46.35,42.26,75.0
375,375,United Arab Emirates,20220101,52.78,49.48,56.55,0.0
406,406,United Arab Emirates,20220201,44.44,44.79,51.19,0.0
434,434,United Arab Emirates,20220301,40.74,42.71,48.81,0.0
450,450,Argentina,20220101,46.3,54.17,58.33,25.0
481,481,Argentina,20220201,37.04,48.96,48.81,50.0
509,509,Argentina,20220301,,,,
525,525,Australia,20220101,40.28,45.31,51.79,0.0
556,556,Australia,20220201,55.56,53.91,61.61,0.0
584,584,Australia,20220301,51.39,50.78,58.04,0.0
600,600,Austria,20220101,64.81,77.08,73.81,100.0
631,631,Austria,20220201,61.11,75.0,71.43,100.0
659,659,Austria,20220301,57.41,72.92,69.05,100.0
675,675,Azerbaijan,20220101,49.07,48.44,55.36,0.0
706,706,Azerbaijan,20220201,46.3,54.17,51.19,75.0
734,734,Azerbaijan,20220301,,,,
750,750,Burundi,20220101,16.67,26.88,30.71,0.0
781,781,Burundi,20220201,19.44,26.67,28.69,12.5
809,809,Burundi,20220301,25.0,25.1,28.69,0.0
825,825,Belgium,20220101,44.44,52.6,60.12,0.0
856,856,Belgium,20220201,50.0,55.73,63.69,0.0
884,884,Belgium,20220301,46.3,53.65,61.31,0.0
900,900,Benin,20220101,55.56,54.17,54.76,50.0
931,931,Benin,20220201,53.7,53.13,51.79,62.5
959,959,Benin,20220301,,,,
975,975,Burkina Faso,20220101,13.89,29.69,33.93,0.0
1006,1006,Burkina Faso,20220201,17.59,25.52,29.17,0.0
1034,1034,Burkina Faso,20220301,,,,
1050,1050,Bangladesh,20220101,38.89,55.21,55.95,50.0
1081,1081,Bangladesh,20220201,68.52,65.62,75.0,0.0
1109,1109,Bangladesh,20220301,31.48,44.79,51.19,0.0
1125,1125,Bulgaria,20220101,50.0,60.94,57.14,87.5
1156,1156,Bulgaria,20220201,44.44,57.81,53.57,87.5
1184,1184,Bulgaria,20220301,44.44,57.81,53.57,87.5
1200,1200,Bahrain,20220101,32.41,44.27,50.6,0.0
1231,1231,Bahrain,20220201,50.93,57.81,66.07,0.0
1259,1259,Bahrain,20220301,38.89,51.04,58.33,0.0
1275,1275,Bahamas,20220101,48.15,50.83,58.1,0.0
1306,1306,Bahamas,20220201,42.59,47.71,54.52,0.0
1334,1334,Bahamas,20220301,62.96,58.85,67.26,0.0
1350,1350,Bosnia and Herzegovina,20220101,35.19,42.5,41.43,50.0
1381,1381,Bosnia and Herzegovina,20220201,36.11,37.5,42.86,0.0
1409,1409,Bosnia and Herzegovina,20220301,36.11,39.58,45.24,0.0
1425,1425,Belarus,20220101,19.44,23.75,27.14,0.0
1456,1456,Belarus,20220201,23.15,25.83,29.52,0.0
1484,1484,Belarus,20220301,23.15,25.83,29.52,0.0
1500,1500,Belize,20220101,72.22,70.83,73.81,50.0
1531,1531,Belize,20220201,72.22,70.83,73.81,
1559,1559,Belize,20220301,54.63,59.37,60.71,50.0
1575,1575,Bermuda,20220101,45.37,60.42,58.33,75.0
1606,1606,Bermuda,20220201,44.44,59.9,57.74,75.0
1634,1634,Bermuda,20220301,,,,
1650,1650,Bolivia,20220101,26.85,40.1,45.83,0.0
1681,1681,Bolivia,20220201,21.3,30.73,35.12,0.0
1709,1709,Bolivia,20220301,50.0,46.88,53.57,0.0
1725,1725,Brazil,20220101,,,,
1756,1756,Brazil,20220201,,,,
1784,1784,Brazil,20220301,,,,
1800,1800,Brazil,20220101,,,,
1831,1831,Brazil,20220201,,,,
1859,1859,Brazil,20220301,,,,
1875,1875,Brazil,20220101,,,,
1906,1906,Brazil,20220201,,,,
1934,1934,Brazil,20220301,,,,
1950,1950,Brazil,20220101,,,,
1981,1981,Brazil,20220201,,,,
2009,2009,Brazil,20220301,,,,
2025,2025,Brazil,20220101,,,,
2056,2056,Brazil,20220201,,,,
2084,2084,Brazil,20220301,,,,
2100,2100,Brazil,20220101,,,,
2131,2131,Brazil,20220201,,,,
2159,2159,Brazil,20220301,,,,
2175,2175,Brazil,20220101,,,,
2206,2206,Brazil,20220201,,,,
2234,2234,Brazil,20220301,,,,
2250,2250,Brazil,20220101,,,,
2281,2281,Brazil,20220201,,,,
2309,2309,Brazil,20220301,,,,
2325,2325,Brazil,20220101,,,,
2356,2356,Brazil,20220201,,,,
2384,2384,Brazil,20220301,,,,
2400,2400,Brazil,20220101,,,,
2431,2431,Brazil,20220201,,,,
2459,2459,Brazil,20220301,,,,
2475,2475,Brazil,20220101,,,,
2506,2506,Brazil,20220201,,,,
2534,2534,Brazil,20220301,,,,
2550,2550,Brazil,20220101,,,,
2581,2581,Brazil,20220201,,,,
2609,2609,Brazil,20220301,,,,
2625,2625,Brazil,20220101,,,,
2656,2656,Brazil,20220201,,,,
2684,2684,Brazil,20220301,,,,
2700,2700,Brazil,20220101,,,,
2731,2731,Brazil,20220201,,,,
2759,2759,Brazil,20220301,,,,
2775,2775,Brazil,20220101,,,,
2806,2806,Brazil,20220201,,,,
2834,2834,Brazil,20220301,,,,
2850,2850,Brazil,20220101,,,,
2881,2881,Brazil,20220201,,,,
2909,2909,Brazil,20220301,,,,
2925,2925,Brazil,20220101,,,,
2956,2956,Brazil,20220201,,,,
2984,2984,Brazil,20220301,,,,
3000,3000,Brazil,20220101,,,,
3031,3031,Brazil,20220201,,,,
3059,3059,Brazil,20220301,,,,
3075,3075,Brazil,20220101,,,,
3106,3106,Brazil,20220201,,,,
3134,3134,Brazil,20220301,,,,
3150,3150,Brazil,20220101,,,,
3181,3181,Brazil,20220201,,,,
3209,3209,Brazil,20220301,,,,
3225,3225,Brazil,20220101,,,,
3256,3256,Brazil,20220201,,,,
3284,3284,Brazil,20220301,,,,
3300,3300,Brazil,20220101,,,,
3331,3331,Brazil,20220201,,,,
3359,3359,Brazil,20220301,,,,
3375,3375,Brazil,20220101,,,,
3406,3406,Brazil,20220201,,,,
3434,3434,Brazil,20220301,,,,
3450,3450,Brazil,20220101,,,,
3481,3481,Brazil,20220201,,,,
3509,3509,Brazil,20220301,,,,
3525,3525,Brazil,20220101,,,,
3556,3556,Brazil,20220201,,,,
3584,3584,Brazil,20220301,,,,
3600,3600,Brazil,20220101,,,,
3631,3631,Brazil,20220201,,,,
3659,3659,Brazil,20220301,,,,
3675,3675,Brazil,20220101,,,,
3706,3706,Brazil,20220201,,,,
3734,3734,Brazil,20220301,,,,
3750,3750,Brazil,20220101,61.57,54.95,59.23,25.0
3781,3781,Brazil,20220201,61.57,54.95,59.23,25.0
3809,3809,Brazil,20220301,69.91,62.76,68.15,25.0
3825,3825,Barbados,20220101,67.59,67.71,70.24,50.0
3856,3856,Barbados,20220201,59.26,63.02,68.45,25.0
3884,3884,Barbados,20220301,42.59,50.52,54.17,25.0
3900,3900,Brunei,20220101,57.41,59.37,67.86,0.0
3931,3931,Brunei,20220201,57.41,59.37,67.86,0.0
3959,3959,Brunei,20220301,57.41,59.37,67.86,0.0
3975,3975,Bhutan,20220101,49.07,60.94,60.71,62.5
4006,4006,Bhutan,20220201,75.46,78.91,79.46,75.0
4034,4034,Bhutan,20220301,73.61,77.08,77.38,75.0
4050,4050,Botswana,20220101,17.59,33.33,38.1,0.0
4081,4081,Botswana,20220201,13.89,31.25,35.71,0.0
4109,4109,Botswana,20220301,,,,
4125,4125,Central African Republic,20220101,18.52,28.44,32.5,0.0
4156,4156,Central African Republic,20220201,18.52,28.44,32.5,0.0
4184,4184,Central African Republic,20220301,18.52,,,
4200,4200,Canada,20220101,53.7,55.21,57.74,37.5
4231,4231,Canada,20220201,52.78,54.69,57.14,37.5
4259,4259,Canada,20220301,28.7,39.58,39.88,37.5
4275,4275,Canada,20220101,52.78,53.12,55.36,37.5
4306,4306,Canada,20220201,,,,
4334,4334,Canada,20220301,,,,
4350,4350,Canada,20220101,75.0,73.44,78.57,37.5
4381,4381,Canada,20220201,67.59,69.27,73.81,37.5
4409,4409,Canada,20220301,,,,
4425,4425,Canada,20220101,71.3,69.27,73.81,37.5
4456,4456,Canada,20220201,60.19,63.02,66.67,37.5
4484,4484,Canada,20220301,47.22,51.56,53.57,37.5
4500,4500,Canada,20220101,76.85,72.4,77.38,37.5
4531,4531,Canada,20220201,76.85,70.31,75.0,37.5
4559,4559,Canada,20220301,,,,37.5
4575,4575,Canada,20220101,74.07,65.1,69.05,37.5
4606,4606,Canada,20220201,62.96,58.85,61.9,37.5
4634,4634,Canada,20220301,,,,
4650,4650,Canada,20220101,68.52,73.96,75.6,62.5
4681,4681,Canada,20220201,67.59,70.31,75.0,37.5
4709,4709,Canada,20220301,,,,
4725,4725,Canada,20220101,87.04,79.17,85.12,37.5
4756,4756,Canada,20220201,72.69,70.05,74.7,37.5
4784,4784,Canada,20220301,,,,
4800,4800,Canada,20220101,47.22,53.65,55.95,37.5
4831,4831,Canada,20220201,55.56,58.33,61.31,37.5
4859,4859,Canada,20220301,33.33,43.75,44.64,37.5
4875,4875,Canada,20220101,71.3,67.19,71.43,37.5
4906,4906,Canada,20220201,67.59,65.1,69.05,37.5
4934,4934,Canada,20220301,52.78,52.08,59.52,
4950,4950,Canada,20220101,66.67,74.48,74.4,75.0
4981,4981,Canada,20220201,55.56,68.23,67.26,75.0
5009,5009,Canada,20220301,55.56,68.23,67.26,75.0
5025,5025,Canada,20220101,38.89,44.27,45.24,37.5
5056,5056,Canada,20220201,40.74,48.44,50.0,37.5
5084,5084,Canada,20220301,11.11,,,
5100,5100,Canada,20220101,38.89,53.65,54.17,50.0
5131,5131,Canada,20220201,46.3,51.04,52.98,37.5
5159,5159,Canada,20220301,,,,
5175,5175,Canada,20220101,74.54,67.97,72.32,37.5
5206,5206,Canada,20220201,78.24,70.05,74.7,37.5
5234,5234,Canada,20220301,68.98,64.06,67.86,37.5
5250,5250,Switzerland,20220101,56.48,60.42,63.69,37.5
5281,5281,Switzerland,20220201,56.48,60.42,63.69,37.5
5309,5309,Switzerland,20220301,23.15,42.19,41.07,50.0
5325,5325,Chile,20220101,35.65,42.24,48.27,0.0
5356,5356,Chile,20220201,35.65,43.49,49.7,0.0
5384,5384,Chile,20220301,30.09,40.36,46.13,0.0
5400,5400,China,20220101,56.94,59.11,67.56,0.0
5431,5431,China,20220201,56.94,59.11,67.56,0.0
5459,5459,China,20220301,50.0,55.21,63.1,0.0
5475,5475,China,20220101,65.74,64.06,73.21,0.0
5506,5506,China,20220201,68.52,67.19,76.79,0.0
5534,5534,China,20220301,65.74,65.62,75.0,0.0
5550,5550,China,20220101,65.74,66.98,74.76,12.5
5581,5581,China,20220201,65.74,66.98,74.76,12.5
5609,5609,China,20220301,65.74,73.23,74.76,62.5
5625,5625,China,20220101,51.85,59.37,64.29,25.0
5656,5656,China,20220201,60.19,64.06,69.64,25.0
5684,5684,China,20220301,62.96,65.62,71.43,25.0
5700,5700,China,20220101,68.98,65.16,72.68,12.5
5731,5731,China,20220201,50.0,54.48,60.48,12.5
5759,5759,China,20220301,57.87,58.91,65.54,12.5
5775,5775,China,20220101,62.96,63.54,72.62,0.0
5806,5806,China,20220201,54.63,58.85,67.26,
5834,5834,China,20220301,48.61,55.47,63.39,
5850,5850,China,20220101,62.96,60.21,68.81,0.0
5881,5881,China,20220201,62.96,60.21,68.81,0.0
5909,5909,China,20220301,64.81,61.25,70.0,0.0
5925,5925,China,20220101,64.81,64.06,73.21,0.0
5956,5956,China,20220201,61.11,61.98,70.83,0.0
5984,5984,China,20220301,61.11,61.98,70.83,0.0
6000,6000,China,20220101,66.2,65.36,74.7,0.0
6031,6031,China,20220201,66.2,65.36,74.7,0.0
6059,6059,China,20220301,52.31,57.55,65.77,0.0
6075,6075,China,20220101,50.0,54.17,61.9,0.0
6106,6106,China,20220201,50.0,54.17,61.9,0.0
6134,6134,China,20220301,50.0,54.17,61.9,0.0
6150,6150,China,20220101,55.56,60.42,67.26,12.5
6181,6181,China,20220201,55.56,60.42,67.26,12.5
6209,6209,China,20220301,55.56,60.42,67.26,12.5
6225,6225,China,20220101,41.67,51.04,58.33,0.0
6256,6256,China,20220201,44.44,52.6,60.12,0.0
6284,6284,China,20220301,56.94,59.64,68.15,0.0
6300,6300,China,20220101,56.02,60.16,66.96,12.5
6331,6331,China,20220201,81.94,74.74,83.63,12.5
6359,6359,China,20220301,76.39,71.61,80.06,12.5
6375,6375,China,20220101,54.63,64.58,66.67,50.0
6406,6406,China,20220201,49.07,61.46,63.1,50.0
6434,6434,China,20220301,46.3,59.9,61.31,50.0
6450,6450,China,20220101,52.78,61.46,66.67,25.0
6481,6481,China,20220201,54.63,59.37,67.86,0.0
6509,6509,China,20220301,54.63,59.37,67.86,0.0
6525,6525,China,20220101,44.44,53.12,60.71,0.0
6556,6556,China,20220201,44.44,53.12,60.71,0.0
6584,6584,China,20220301,63.43,63.8,72.92,0.0
6600,6600,China,20220101,40.74,51.56,58.93,0.0
6631,6631,China,20220201,40.74,50.52,57.74,0.0
6659,6659,China,20220301,40.74,50.52,57.74,0.0
6675,6675,China,20220101,43.52,50.52,57.74,0.0
6706,6706,China,20220201,43.52,50.52,57.74,0.0
6734,6734,China,20220301,73.61,70.83,80.95,0.0
6750,6750,China,20220101,56.02,58.59,66.96,0.0
6781,6781,China,20220201,57.41,59.37,67.86,0.0
6809,6809,China,20220301,50.46,55.47,63.39,0.0
6825,6825,China,20220101,56.94,61.2,66.37,25.0
6856,6856,China,20220201,56.94,61.2,66.37,25.0
6884,6884,China,20220301,56.94,61.2,66.37,25.0
6900,6900,China,20220101,61.11,62.5,71.43,0.0
6931,6931,China,20220201,61.11,62.5,71.43,0.0
6959,6959,China,20220301,,,,
6975,6975,China,20220101,57.41,57.08,65.24,0.0
7006,7006,China,20220201,57.41,57.08,65.24,0.0
7034,7034,China,20220301,60.19,58.65,67.02,0.0
7050,7050,China,20220101,57.87,62.55,64.35,50.0
7081,7081,China,20220201,57.87,63.59,65.54,50.0
7109,7109,China,20220301,57.87,63.59,65.54,50.0
7125,7125,China,20220101,48.15,54.69,62.5,0.0
7156,7156,China,20220201,48.15,54.69,62.5,0.0
7184,7184,China,20220301,48.15,54.69,62.5,0.0
7200,7200,China,20220101,79.17,72.66,83.04,0.0
7231,7231,China,20220201,62.5,63.28,72.32,0.0
7259,7259,China,20220301,56.94,60.16,68.75,0.0
7275,7275,China,20220101,58.8,58.39,66.73,0.0
7306,7306,China,20220201,57.87,59.95,68.51,0.0
7334,7334,China,20220301,55.09,58.39,66.73,0.0
7350,7350,China,20220101,46.3,52.08,59.52,0.0
7381,7381,China,20220201,75.0,68.23,77.98,0.0
7409,7409,China,20220301,67.59,64.06,73.21,0.0
7425,7425,China,20220101,55.56,57.29,65.48,0.0
7456,7456,China,20220201,55.56,57.29,65.48,0.0
7484,7484,China,20220301,55.56,57.29,65.48,0.0
7500,7500,China,20220101,43.52,50.52,57.74,0.0
7531,7531,China,20220201,43.52,50.52,57.74,0.0
7559,7559,China,20220301,43.52,50.52,57.74,0.0
7575,7575,China,20220101,71.3,73.18,76.49,50.0
7606,7606,China,20220201,64.35,69.27,72.02,50.0
7634,7634,China,20220301,67.13,70.83,73.81,50.0
7650,7650,China,20220101,66.2,64.32,73.51,0.0
7681,7681,China,20220201,69.91,66.41,75.89,0.0
7709,7709,China,20220301,50.0,54.17,61.9,0.0
7725,7725,China,20220101,79.17,79.43,81.85,62.5
7756,7756,China,20220201,64.35,71.09,72.32,62.5
7784,7784,China,20220301,64.35,71.09,72.32,62.5
7800,7800,Cote d'Ivoire,20220101,13.89,29.69,30.36,25.0
7831,7831,Cote d'Ivoire,20220201,13.89,29.69,30.36,25.0
7859,7859,Cote d'Ivoire,20220301,,,,
7875,7875,Cameroon,20220101,30.56,34.38,39.29,0.0
7906,7906,Cameroon,20220201,30.56,34.38,39.29,0.0
7934,7934,Cameroon,20220301,,,,
7950,7950,Democratic Republic of Congo,20220101,38.89,29.9,34.17,0.0
7981,7981,Democratic Republic of Congo,20220201,33.33,32.08,36.67,0.0
8009,8009,Democratic Republic of Congo,20220301,,,,
8025,8025,Congo,20220101,51.85,45.31,51.79,0.0
8056,8056,Congo,20220201,51.85,45.31,51.79,0.0
8084,8084,Congo,20220301,48.15,43.23,49.4,0.0
8100,8100,Colombia,20220101,59.26,63.02,66.67,37.5
8131,8131,Colombia,20220201,59.26,58.33,66.67,0.0
8159,8159,Colombia,20220301,,,,
8175,8175,Comoros,20220101,,,,
8206,8206,Comoros,20220201,,,,
8234,8234,Comoros,20220301,,,,
8250,8250,Cape Verde,20220101,51.85,53.12,58.93,12.5
8281,8281,Cape Verde,20220201,47.22,52.08,55.95,25.0
8309,8309,Cape Verde,20220301,58.33,58.33,63.1,25.0
8325,8325,Costa Rica,20220101,49.07,53.12,57.14,25.0
8356,8356,Costa Rica,20220201,50.0,53.65,57.74,25.0
8384,8384,Costa Rica,20220301,,,,
8400,8400,Cuba,20220101,26.85,41.67,40.48,50.0
8431,8431,Cuba,20220201,29.63,39.58,38.1,50.0
8459,8459,Cuba,20220301,29.63,39.58,38.1,50.0
8475,8475,Cyprus,20220101,44.44,63.02,57.74,100.0
8506,8506,Cyprus,20220201,41.67,61.46,55.95,100.0
8534,8534,Cyprus,20220301,36.11,58.33,52.38,100.0
8550,8550,Czech Republic,20220101,37.96,55.21,50.6,87.5
8581,8581,Czech Republic,20220201,41.67,53.12,55.36,37.5
8609,8609,Czech Republic,20220301,,,,
8625,8625,Germany,20220101,84.26,78.12,83.93,37.5
8656,8656,Germany,20220201,84.26,85.94,83.93,100.0
8684,8684,Germany,20220301,84.26,85.94,83.93,100.0
8700,8700,Djibouti,20220101,43.52,39.9,45.6,0.0
8731,8731,Djibouti,20220201,49.07,41.15,47.02,0.0
8759,8759,Djibouti,20220301,58.33,47.92,54.76,0.0
8775,8775,Dominica,20220101,37.04,48.44,55.36,0.0
8806,8806,Dominica,20220201,37.04,46.35,52.98,0.0
8834,8834,Dominica,20220301,59.26,58.85,67.26,0.0
8850,8850,Denmark,20220101,35.19,45.83,52.38,0.0
8881,8881,Denmark,20220201,16.67,28.12,32.14,0.0
8909,8909,Denmark,20220301,13.89,26.56,30.36,0.0
8925,8925,Dominican Republic,20220101,37.96,43.75,50.0,0.0
8956,8956,Dominican Republic,20220201,37.96,43.75,50.0,0.0
8984,8984,Dominican Republic,20220301,8.33,22.4,25.6,0.0
9000,9000,Algeria,20220101,55.56,54.69,55.36,50.0
9031,9031,Algeria,20220201,58.33,56.25,57.14,50.0
9059,9059,Algeria,20220301,,,,
9075,9075,Ecuador,20220101,63.43,72.66,72.32,75.0
9106,9106,Ecuador,20220201,60.65,69.01,68.15,75.0
9134,9134,Ecuador,20220301,67.59,72.92,72.62,75.0
9150,9150,Egypt,20220101,43.52,48.02,44.17,75.0
9181,9181,Egypt,20220201,43.52,50.1,46.55,75.0
9209,9209,Egypt,20220301,,,,
9225,9225,Eritrea,20220101,56.48,46.88,53.57,0.0
9256,9256,Eritrea,20220201,56.48,46.88,53.57,0.0
9284,9284,Eritrea,20220301,56.48,46.88,53.57,0.0
9300,9300,Spain,20220101,43.52,62.5,58.93,87.5
9331,9331,Spain,20220201,49.07,66.67,63.69,87.5
9359,9359,Spain,20220301,37.96,57.29,52.98,87.5
9375,9375,Estonia,20220101,34.26,41.15,47.02,0.0
9406,9406,Estonia,20220201,50.0,50.0,57.14,0.0
9434,9434,Estonia,20220301,46.3,47.92,54.76,0.0
9450,9450,Ethiopia,20220101,40.74,45.31,51.79,0.0
9481,9481,Ethiopia,20220201,40.74,45.31,51.79,0.0
9509,9509,Ethiopia,20220301,40.74,45.31,51.79,0.0
9525,9525,Finland,20220101,34.72,50.26,50.3,50.0
9556,9556,Finland,20220201,41.67,54.17,54.76,50.0
9584,9584,Finland,20220301,26.85,45.83,45.24,50.0
9600,9600,Fiji,20220101,90.74,81.77,82.74,75.0
9631,9631,Fiji,20220201,81.48,76.56,76.79,75.0
9659,9659,Fiji,20220301,61.11,65.1,63.69,75.0
9675,9675,France,20220101,72.22,70.31,76.79,25.0
9706,9706,France,20220201,69.44,68.75,75.0,25.0
9734,9734,France,20220301,69.44,67.19,73.21,25.0
9750,9750,Faeroe Islands,20220101,37.96,44.27,50.6,0.0
9781,9781,Faeroe Islands,20220201,25.93,28.12,32.14,0.0
9809,9809,Faeroe Islands,20220301,13.89,16.15,18.45,0.0
9825,9825,Gabon,20220101,41.67,40.62,46.43,0.0
9856,9856,Gabon,20220201,60.19,55.21,63.1,0.0
9884,9884,Gabon,20220301,50.93,45.83,52.38,0.0
9900,9900,United Kingdom,20220101,48.61,51.04,54.76,25.0
9931,9931,United Kingdom,20220201,42.13,47.4,50.6,25.0
9959,9959,United Kingdom,20220301,29.63,40.36,42.56,25.0
9975,9975,United Kingdom,20220101,38.89,43.75,46.43,25.0
10006,10006,United Kingdom,20220201,20.37,30.21,30.95,25.0
10034,10034,United Kingdom,20220301,13.89,26.56,26.79,25.0
10050,10050,United Kingdom,20220101,52.78,55.21,59.52,25.0
10081,10081,United Kingdom,20220201,52.78,56.25,60.71,25.0
10109,10109,United Kingdom,20220301,17.59,31.25,32.14,25.0
10125,10125,United Kingdom,20220101,44.44,52.6,56.55,25.0
10156,10156,United Kingdom,20220201,38.89,47.4,50.6,25.0
10184,10184,United Kingdom,20220301,17.59,35.42,36.9,25.0
10200,10200,United Kingdom,20220101,47.22,50.52,54.17,25.0
10231,10231,United Kingdom,20220201,41.67,47.4,50.6,25.0
10259,10259,United Kingdom,20220301,17.59,33.85,35.12,25.0
10275,10275,Georgia,20220101,46.3,48.96,55.95,0.0
10306,10306,Georgia,20220201,50.0,51.04,58.33,0.0
10334,10334,Georgia,20220301,,,,
10350,10350,Ghana,20220101,43.52,47.4,54.17,0.0
10381,10381,Ghana,20220201,43.52,47.4,54.17,0.0
10409,10409,Ghana,20220301,,,,
10425,10425,Guinea,20220101,65.74,56.04,64.05,0.0
10456,10456,Guinea,20220201,60.19,52.92,60.48,0.0
10484,10484,Guinea,20220301,54.63,49.79,56.9,0.0
10500,10500,Gambia,20220101,13.89,28.75,32.86,0.0
10531,10531,Gambia,20220201,13.89,28.75,32.86,0.0
10559,10559,Gambia,20220301,13.89,31.25,35.71,0.0
10575,10575,Greece,20220101,77.78,82.29,81.55,87.5
10606,10606,Greece,20220201,77.78,79.69,76.79,100.0
10634,10634,Greece,20220301,,,,
10650,10650,Greenland,20220101,34.26,40.1,45.83,0.0
10681,10681,Greenland,20220201,30.56,38.02,43.45,0.0
10709,10709,Greenland,20220301,25.0,34.9,39.88,0.0
10725,10725,Guatemala,20220101,59.72,61.3,59.35,75.0
10756,10756,Guatemala,20220201,43.98,50.26,48.51,62.5
10784,10784,Guatemala,20220301,58.8,61.2,61.01,62.5
10800,10800,Guam,20220101,35.19,48.44,51.79,25.0
10831,10831,Guam,20220201,52.78,51.04,58.33,0.0
10859,10859,Guam,20220301,52.78,51.04,58.33,0.0
10875,10875,Guyana,20220101,54.63,64.06,66.07,50.0
10906,10906,Guyana,20220201,77.78,75.52,79.17,50.0
10934,10934,Guyana,20220301,,,,
10950,10950,Hong Kong,20220101,55.56,68.75,67.86,75.0
10981,10981,Hong Kong,20220201,65.74,76.04,76.19,75.0
11009,11009,Hong Kong,20220301,71.3,79.17,79.76,75.0
11025,11025,Honduras,20220101,56.48,62.81,62.86,62.5
11056,11056,Honduras,20220201,34.26,46.15,43.81,62.5
11084,11084,Honduras,20220301,34.26,49.48,47.62,62.5
11100,11100,Croatia,20220101,40.74,50.52,48.81,62.5
11131,11131,Croatia,20220201,37.96,42.19,48.21,0.0
11159,11159,Croatia,20220301,,,,
11175,11175,Haiti,20220101,43.52,51.04,54.76,25.0
11206,11206,Haiti,20220201,43.52,51.04,54.76,25.0
11234,11234,Haiti,20220301,,,,
11250,11250,Hungary,20220101,51.85,60.94,57.14,87.5
11281,11281,Hungary,20220201,51.85,60.42,56.55,87.5
11309,11309,Hungary,20220301,,,,
11325,11325,Indonesia,20220101,66.2,60.16,63.39,37.5
11356,11356,Indonesia,20220201,63.43,58.59,61.61,37.5
11384,11384,Indonesia,20220301,63.43,58.59,61.61,37.5
11400,11400,India,20220101,59.72,57.55,62.2,25.0
11431,11431,India,20220201,81.94,71.61,78.27,25.0
11459,11459,India,20220301,71.76,67.97,74.11,25.0
11475,11475,Ireland,20220101,52.78,69.79,65.48,100.0
11506,11506,Ireland,20220201,23.15,51.56,44.64,100.0
11534,11534,Ireland,20220301,23.15,51.56,44.64,100.0
11550,11550,Iran,20220101,54.63,59.9,63.1,37.5
11581,11581,Iran,20220201,62.04,58.33,61.31,37.5
11609,11609,Iran,20220301,,,,
11625,11625,Iraq,20220101,68.52,55.73,63.69,0.0
11656,11656,Iraq,20220201,64.81,53.65,61.31,0.0
11684,11684,Iraq,20220301,,,,
11700,11700,Iceland,20220101,37.96,52.6,45.83,100.0
11731,11731,Iceland,20220201,35.19,51.04,44.05,100.0
11759,11759,Iceland,20220301,11.11,34.38,25.0,100.0
11775,11775,Israel,20220101,56.48,65.1,63.69,75.0
11806,11806,Israel,20220201,56.48,65.1,63.69,75.0
11834,11834,Israel,20220301,21.3,45.31,41.07,75.0
11850,11850,Italy,20220101,76.85,82.29,83.33,75.0
11881,11881,Italy,20220201,76.85,82.29,83.33,75.0
11909,11909,Italy,20220301,63.89,73.44,73.21,75.0
11925,11925,Jamaica,20220101,77.78,73.44,83.93,0.0
11956,11956,Jamaica,20220201,74.07,71.35,81.55,0.0
11984,11984,Jamaica,20220301,,,,
12000,12000,Jordan,20220101,34.26,38.02,39.88,25.0
12031,12031,Jordan,20220201,34.26,38.02,39.88,25.0
12059,12059,Jordan,20220301,,,,
12075,12075,Japan,20220101,47.22,63.54,58.33,100.0
12106,12106,Japan,20220201,47.22,56.25,50.0,100.0
12134,12134,Japan,20220301,47.22,56.25,50.0,100.0
12150,12150,Kazakhstan,20220101,71.3,53.12,60.71,0.0
12181,12181,Kazakhstan,20220201,42.59,47.4,54.17,0.0
12209,12209,Kazakhstan,20220301,42.59,47.4,54.17,0.0
12225,12225,Kenya,20220101,32.41,50.31,50.36,50.0
12256,12256,Kenya,20220201,32.41,50.31,50.36,50.0
12284,12284,Kenya,20220301,32.41,44.06,50.36,0.0
12300,12300,Kyrgyz Republic,20220101,47.22,50.52,47.02,75.0
12331,12331,Kyrgyz Republic,20220201,47.22,54.69,51.79,75.0
12359,12359,Kyrgyz Republic,20220301,,,,
12375,12375,Cambodia,20220101,46.3,48.44,55.36,0.0
12406,12406,Cambodia,20220201,35.65,42.45,48.51,0.0
12434,12434,Cambodia,20220301,,,,
12450,12450,Kiribati,20220101,22.22,23.96,23.81,25.0
12481,12481,Kiribati,20220201,81.48,71.88,78.57,25.0
12509,12509,Kiribati,20220301,72.69,69.01,75.3,25.0
12525,12525,South Korea,20220101,45.37,59.38,60.71,50.0
12556,12556,South Korea,20220201,50.93,62.5,64.29,50.0
12584,12584,South Korea,20220301,40.74,56.77,57.74,50.0
12600,12600,Kuwait,20220101,30.56,40.62,41.07,37.5
12631,12631,Kuwait,20220201,49.07,52.6,52.98,50.0
12659,12659,Kuwait,20220301,,,,
12675,12675,Laos,20220101,68.52,70.62,68.21,87.5
12706,12706,Laos,20220201,78.7,76.35,74.76,87.5
12734,12734,Laos,20220301,84.26,81.04,78.33,100.0
12750,12750,Lebanon,20220101,42.59,55.0,55.71,50.0
12781,12781,Lebanon,20220201,35.19,50.0,50.0,50.0
12809,12809,Lebanon,20220301,,,,50.0
12825,12825,Liberia,20220101,29.63,36.67,41.9,0.0
12856,12856,Liberia,20220201,29.63,36.67,41.9,0.0
12884,12884,Liberia,20220301,29.63,36.67,41.9,0.0
12900,12900,Libya,20220101,50.0,45.31,51.79,0.0
12931,12931,Libya,20220201,51.85,46.35,52.98,0.0
12959,12959,Libya,20220301,50.0,45.31,51.79,0.0
12975,12975,Liechtenstein,20220101,54.63,56.25,64.29,0.0
13006,13006,Liechtenstein,20220201,47.22,58.33,59.52,50.0
13034,13034,Liechtenstein,20220301,28.7,48.44,48.21,50.0
13050,13050,Sri Lanka,20220101,52.78,61.46,63.1,50.0
13081,13081,Sri Lanka,20220201,52.78,58.33,63.1,25.0
13109,13109,Sri Lanka,20220301,33.33,47.4,50.6,25.0
13125,13125,Lesotho,20220101,45.37,46.88,53.57,0.0
13156,13156,Lesotho,20220201,45.37,44.79,51.19,0.0
13184,13184,Lesotho,20220301,37.96,38.02,43.45,0.0
13200,13200,Lithuania,20220101,53.7,58.33,59.52,50.0
13231,13231,Lithuania,20220201,53.7,58.33,59.52,50.0
13259,13259,Lithuania,20220301,17.59,45.83,38.1,100.0
13275,13275,Luxembourg,20220101,46.3,53.12,57.14,25.0
13306,13306,Luxembourg,20220201,55.56,58.33,63.1,25.0
13334,13334,Luxembourg,20220301,46.3,50.0,57.14,0.0
13350,13350,Latvia,20220101,35.19,44.27,43.45,50.0
13381,13381,Latvia,20220201,48.15,51.56,51.79,50.0
13409,13409,Latvia,20220301,35.19,37.5,39.29,25.0
13425,13425,Macao,20220101,32.41,48.44,48.21,50.0
13456,13456,Macao,20220201,32.41,48.44,48.21,50.0
13484,13484,Macao,20220301,54.63,64.06,62.5,75.0
13500,13500,Morocco,20220101,70.37,60.94,66.07,25.0
13531,13531,Morocco,20220201,68.52,59.9,64.88,25.0
13559,13559,Morocco,20220301,,,,
13575,13575,Monaco,20220101,40.74,57.81,55.36,75.0
13606,13606,Monaco,20220201,40.74,57.29,54.76,75.0
13634,13634,Monaco,20220301,31.48,51.04,47.62,75.0
13650,13650,Moldova,20220101,27.78,41.93,42.56,37.5
13681,13681,Moldova,20220201,50.93,54.17,56.55,37.5
13709,13709,Moldova,20220301,,,,
13725,13725,Madagascar,20220101,47.69,45.05,51.49,0.0
13756,13756,Madagascar,20220201,31.94,38.28,43.75,0.0
13784,13784,Madagascar,20220301,37.5,44.53,50.89,0.0
13800,13800,Mexico,20220101,31.48,36.72,38.39,25.0
13831,13831,Mexico,20220201,57.87,54.69,58.93,25.0
13859,13859,Mexico,20220301,31.48,36.72,38.39,25.0
13875,13875,Mali,20220101,40.74,49.48,52.98,25.0
13906,13906,Mali,20220201,38.89,48.44,51.79,25.0
13934,13934,Mali,20220301,40.74,49.48,52.98,25.0
13950,13950,Malta,20220101,43.52,59.37,58.93,62.5
13981,13981,Malta,20220201,52.78,64.58,64.88,62.5
14009,14009,Malta,20220301,52.78,64.58,64.88,62.5
14025,14025,Myanmar,20220101,80.56,76.88,78.93,62.5
14056,14056,Myanmar,20220201,65.74,68.54,69.4,62.5
14084,14084,Myanmar,20220301,78.7,72.71,77.74,37.5
14100,14100,Mongolia,20220101,40.28,49.53,49.46,50.0
14131,14131,Mongolia,20220201,37.5,47.97,47.68,50.0
14159,14159,Mongolia,20220301,2.78,19.06,18.21,25.0
14175,14175,Mozambique,20220101,37.04,32.29,36.9,0.0
14206,14206,Mozambique,20220201,38.89,34.9,39.88,0.0
14234,14234,Mozambique,20220301,42.59,36.98,42.26,0.0
14250,14250,Mauritania,20220101,17.59,30.21,34.52,0.0
14281,14281,Mauritania,20220201,51.85,46.35,52.98,0.0
14309,14309,Mauritania,20220301,43.52,40.42,46.19,0.0
14325,14325,Mauritius,20220101,45.37,63.54,58.33,100.0
14356,14356,Mauritius,20220201,43.52,54.17,54.76,50.0
14384,14384,Mauritius,20220301,46.3,52.6,52.98,50.0
14400,14400,Malawi,20220101,39.81,39.58,45.24,0.0
14431,14431,Malawi,20220201,36.11,39.58,45.24,0.0
14459,14459,Malawi,20220301,37.96,40.62,46.43,0.0
14475,14475,Malaysia,20220101,50.46,58.07,55.65,75.0
14506,14506,Malaysia,20220201,54.17,60.16,58.04,75.0
14534,14534,Malaysia,20220301,,,,
14550,14550,Namibia,20220101,28.7,41.67,47.62,0.0
14581,14581,Namibia,20220201,28.7,41.67,47.62,0.0
14609,14609,Namibia,20220301,28.7,41.67,47.62,0.0
14625,14625,Niger,20220101,16.67,32.03,36.61,0.0
14656,14656,Niger,20220201,16.67,32.03,36.61,0.0
14684,14684,Niger,20220301,,,,
14700,14700,Nigeria,20220101,37.96,42.71,48.81,0.0
14731,14731,Nigeria,20220201,37.96,42.71,48.81,0.0
14759,14759,Nigeria,20220301,36.11,41.67,47.62,0.0
14775,14775,Nicaragua,20220101,8.33,21.88,21.43,25.0
14806,14806,Nicaragua,20220201,8.33,21.88,21.43,25.0
14834,14834,Nicaragua,20220301,,,,
14850,14850,Netherlands,20220101,69.44,72.92,76.19,50.0
14881,14881,Netherlands,20220201,58.33,66.67,69.05,50.0
14909,14909,Netherlands,20220301,34.26,51.56,51.79,50.0
14925,14925,Norway,20220101,51.85,56.77,59.52,37.5
14956,14956,Norway,20220201,25.0,41.67,42.26,37.5
14984,14984,Norway,20220301,13.89,27.6,26.19,37.5
15000,15000,Nepal,20220101,54.17,64.32,64.58,62.5
15031,15031,Nepal,20220201,62.96,69.27,70.24,62.5
15059,15059,Nepal,20220301,46.3,52.6,51.19,62.5
15075,15075,New Zealand,20220101,61.57,64.58,70.24,25.0
15106,15106,New Zealand,20220201,61.11,66.15,72.02,25.0
15134,15134,New Zealand,20220301,,,,
15150,15150,Oman,20220101,58.33,53.12,60.71,0.0
15181,15181,Oman,20220201,54.63,54.17,61.9,0.0
15209,15209,Oman,20220301,47.22,48.75,55.71,0.0
15225,15225,Pakistan,20220101,54.17,63.8,62.2,75.0
15256,15256,Pakistan,20220201,65.28,70.05,69.35,75.0
15284,15284,Pakistan,20220301,,,,
15300,15300,Panama,20220101,53.7,58.33,63.1,25.0
15331,15331,Panama,20220201,,,,
15359,15359,Panama,20220301,38.89,50.0,53.57,25.0
15375,15375,Peru,20220101,71.3,70.31,73.21,50.0
15406,15406,Peru,20220201,61.11,64.58,66.67,50.0
15434,15434,Peru,20220301,60.19,61.98,63.69,50.0
15450,15450,Philippines,20220101,71.76,68.49,78.27,0.0
15481,15481,Philippines,20220201,78.24,72.14,82.44,0.0
15509,15509,Philippines,20220301,,,,
15525,15525,Papua New Guinea,20220101,57.87,53.91,58.04,25.0
15556,15556,Papua New Guinea,20220201,60.65,59.64,64.58,25.0
15584,15584,Papua New Guinea,20220301,48.61,58.59,56.25,75.0
15600,15600,Poland,20220101,45.37,56.25,50.0,100.0
15631,15631,Poland,20220201,45.37,58.33,52.38,100.0
15659,15659,Poland,20220301,24.07,32.29,36.9,0.0
15675,15675,Puerto Rico,20220101,37.96,44.79,51.19,0.0
15706,15706,Puerto Rico,20220201,49.07,49.48,56.55,0.0
15734,15734,Puerto Rico,20220301,46.3,49.48,56.55,0.0
15750,15750,Portugal,20220101,42.59,51.56,58.93,0.0
15781,15781,Portugal,20220201,31.48,45.31,51.79,0.0
15809,15809,Portugal,20220301,13.89,35.42,40.48,0.0
15825,15825,Paraguay,20220101,40.74,44.27,50.6,0.0
15856,15856,Paraguay,20220201,35.19,39.58,45.24,0.0
15884,15884,Paraguay,20220301,,,,
15900,15900,Palestine,20220101,25.0,27.4,31.31,0.0
15931,15931,Palestine,20220201,16.67,31.25,35.71,0.0
15959,15959,Palestine,20220301,16.67,31.25,35.71,0.0
15975,15975,Qatar,20220101,56.48,59.9,61.31,50.0
16006,16006,Qatar,20220201,63.89,65.62,67.86,50.0
16034,16034,Qatar,20220301,55.56,59.38,60.71,50.0
16050,16050,Kosovo,20220101,42.59,41.15,47.02,0.0
16081,16081,Kosovo,20220201,42.59,41.15,47.02,0.0
16109,16109,Kosovo,20220301,44.44,40.1,45.83,0.0
16125,16125,Romania,20220101,52.78,63.02,63.1,62.5
16156,16156,Romania,20220201,47.22,59.9,59.52,62.5
16184,16184,Romania,20220301,47.22,59.9,59.52,62.5
16200,16200,Russia,20220101,54.17,66.93,65.77,75.0
16231,16231,Russia,20220201,48.61,62.24,60.42,75.0
16259,16259,Russia,20220301,45.83,53.91,52.68,62.5
16275,16275,Rwanda,20220101,60.19,57.29,65.48,0.0
16306,16306,Rwanda,20220201,50.93,52.08,59.52,0.0
16334,16334,Rwanda,20220301,45.37,53.12,60.71,0.0
16350,16350,Saudi Arabia,20220101,49.07,53.12,60.71,0.0
16381,16381,Saudi Arabia,20220201,49.07,53.12,60.71,0.0
16409,16409,Saudi Arabia,20220301,66.67,63.02,72.02,0.0
16425,16425,Sudan,20220101,20.37,24.9,28.45,0.0
16456,16456,Sudan,20220201,11.11,28.12,32.14,0.0
16484,16484,Sudan,20220301,8.33,18.75,21.43,0.0
16500,16500,Senegal,20220101,21.3,34.17,39.05,0.0
16531,16531,Senegal,20220201,21.3,31.04,35.48,0.0
16559,16559,Senegal,20220301,21.3,34.17,39.05,0.0
16575,16575,Singapore,20220101,44.44,68.75,64.29,100.0
16606,16606,Singapore,20220201,60.19,77.6,74.4,100.0
16634,16634,Singapore,20220301,60.19,77.6,74.4,100.0
16650,16650,Solomon Islands,20220101,22.22,22.92,26.19,0.0
16681,16681,Solomon Islands,20220201,87.5,64.58,73.81,0.0
16709,16709,Solomon Islands,20220301,87.5,64.58,73.81,0.0
16725,16725,Sierra Leone,20220101,29.63,35.73,40.83,0.0
16756,16756,Sierra Leone,20220201,48.15,46.15,52.74,0.0
16784,16784,Sierra Leone,20220301,48.15,46.15,52.74,0.0
16800,16800,El Salvador,20220101,27.78,31.25,35.71,0.0
16831,16831,El Salvador,20220201,32.41,36.98,42.26,0.0
16859,16859,El Salvador,20220301,32.41,39.06,44.64,0.0
16875,16875,San Marino,20220101,37.96,54.17,51.19,75.0
16906,16906,San Marino,20220201,52.78,59.38,57.14,75.0
16934,16934,San Marino,20220301,52.78,59.38,57.14,75.0
16950,16950,Somalia,20220101,41.67,43.33,49.52,0.0
16981,16981,Somalia,20220201,35.19,39.69,45.36,0.0
17009,17009,Somalia,20220301,40.74,42.81,48.93,0.0
17025,17025,Serbia,20220101,28.7,47.92,44.05,75.0
17056,17056,Serbia,20220201,36.11,48.96,48.81,50.0
17084,17084,Serbia,20220301,36.11,48.96,48.81,50.0
17100,17100,South Sudan,20220101,56.48,48.65,55.6,0.0
17131,17131,South Sudan,20220201,36.11,39.38,45.0,0.0
17159,17159,South Sudan,20220301,,,,
17175,17175,Suriname,20220101,60.19,53.65,61.31,0.0
17206,17206,Suriname,20220201,60.19,57.81,66.07,0.0
17234,17234,Suriname,20220301,50.0,45.83,52.38,0.0
17250,17250,Slovak Republic,20220101,61.57,65.89,62.8,87.5
17281,17281,Slovak Republic,20220201,50.0,61.46,57.74,87.5
17309,17309,Slovak Republic,20220301,,,,
17325,17325,Slovenia,20220101,59.26,64.9,63.45,75.0
17356,17356,Slovenia,20220201,62.96,62.29,62.26,62.5
17384,17384,Slovenia,20220301,22.22,34.9,30.95,62.5
17400,17400,Sweden,20220101,49.07,45.31,48.21,25.0
17431,17431,Sweden,20220201,50.0,47.4,50.6,25.0
17459,17459,Sweden,20220301,19.44,28.65,29.17,25.0
17475,17475,Eswatini,20220101,60.19,58.85,67.26,0.0
17506,17506,Eswatini,20220201,60.19,58.85,67.26,0.0
17534,17534,Eswatini,20220301,60.19,58.85,67.26,0.0
17550,17550,Seychelles,20220101,69.44,59.38,67.86,0.0
17581,17581,Seychelles,20220201,75.0,73.96,73.81,75.0
17609,17609,Seychelles,20220301,56.48,52.08,59.52,0.0
17625,17625,Syria,20220101,55.09,44.01,50.3,0.0
17656,17656,Syria,20220201,55.09,44.01,50.3,0.0
17684,17684,Syria,20220301,35.65,33.07,37.8,0.0
17700,17700,Chad,20220101,35.19,44.58,43.81,50.0
17731,17731,Chad,20220201,32.41,34.17,39.05,0.0
17759,17759,Chad,20220301,,,,
17775,17775,Togo,20220101,21.76,44.53,40.18,75.0
17806,17806,Togo,20220201,43.52,56.77,54.17,75.0
17834,17834,Togo,20220301,45.37,57.81,55.36,75.0
17850,17850,Thailand,20220101,46.3,60.94,58.93,75.0
17881,17881,Thailand,20220201,48.15,58.85,56.55,75.0
17909,17909,Thailand,20220301,48.61,55.99,53.27,75.0
17925,17925,Tajikistan,20220101,29.63,29.69,33.93,0.0
17956,17956,Tajikistan,20220201,18.52,23.44,26.79,0.0
17984,17984,Tajikistan,20220301,,,,
18000,18000,Turkmenistan,20220101,69.44,54.17,61.9,0.0
18031,18031,Turkmenistan,20220201,69.44,54.17,61.9,0.0
18059,18059,Turkmenistan,20220301,66.67,54.69,62.5,0.0
18075,18075,Timor-Leste,20220101,47.69,55.47,56.25,50.0
18106,18106,Timor-Leste,20220201,36.11,37.5,42.86,0.0
18134,18134,Timor-Leste,20220301,36.11,37.5,42.86,0.0
18150,18150,Tonga,20220101,47.22,45.31,51.79,0.0
18181,18181,Tonga,20220201,52.78,46.88,53.57,0.0
18209,18209,Tonga,20220301,79.17,65.62,75.0,0.0
18225,18225,Trinidad and Tobago,20220101,47.22,54.69,58.93,25.0
18256,18256,Trinidad and Tobago,20220201,50.93,55.21,59.52,25.0
18284,18284,Trinidad and Tobago,20220301,59.26,56.77,64.88,0.0
18300,18300,Tunisia,20220101,16.67,32.81,30.36,50.0
18331,18331,Tunisia,20220201,55.56,58.65,59.88,50.0
18359,18359,Tunisia,20220301,,,,
18375,18375,Turkey,20220101,49.07,42.19,48.21,0.0
18406,18406,Turkey,20220201,54.63,45.31,51.79,0.0
18434,18434,Turkey,20220301,62.04,49.48,56.55,0.0
18450,18450,Taiwan,20220101,20.37,45.31,41.07,75.0
18481,18481,Taiwan,20220201,27.78,51.56,48.21,75.0
18509,18509,Taiwan,20220301,,,,
18525,18525,Tanzania,20220101,8.33,23.44,21.43,37.5
18556,18556,Tanzania,20220201,8.33,25.0,21.43,50.0
18584,18584,Tanzania,20220301,13.89,28.12,25.0,50.0
18600,18600,Uganda,20220101,73.15,62.29,71.19,0.0
18631,18631,Uganda,20220201,34.26,38.02,43.45,0.0
18659,18659,Uganda,20220301,43.52,46.35,49.4,25.0
18675,18675,Ukraine,20220101,51.85,58.33,59.52,50.0
18706,18706,Ukraine,20220201,75.0,68.75,71.43,50.0
18734,18734,Ukraine,20220301,63.89,62.5,64.29,50.0
18750,18750,Uruguay,20220101,25.93,43.23,44.05,37.5
18781,18781,Uruguay,20220201,28.7,37.5,37.5,37.5
18809,18809,Uruguay,20220301,20.37,27.6,29.76,12.5
18825,18825,United States,20220101,50.46,51.04,58.33,0.0
18856,18856,United States,20220201,58.8,57.81,66.07,0.0
18884,18884,United States,20220301,53.24,54.69,62.5,0.0
18900,18900,United States,20220101,44.91,48.44,51.79,25.0
18931,18931,United States,20220201,49.07,50.78,54.46,25.0
18959,18959,United States,20220301,51.39,52.08,55.95,25.0
18975,18975,United States,20220101,45.37,49.48,52.98,25.0
19006,19006,United States,20220201,52.78,55.73,60.12,25.0
19034,19034,United States,20220301,52.78,55.73,60.12,25.0
19050,19050,United States,20220101,26.85,41.15,43.45,25.0
19081,19081,United States,20220201,33.33,41.93,44.35,25.0
19109,19109,United States,20220301,31.48,43.75,46.43,25.0
19125,19125,United States,20220101,25.0,42.45,44.94,25.0
19156,19156,United States,20220201,27.78,44.01,46.73,25.0
19184,19184,United States,20220301,27.78,42.71,45.24,25.0
19200,19200,United States,20220101,40.74,53.65,52.38,62.5
19231,19231,United States,20220201,50.0,58.85,58.33,62.5
19259,19259,United States,20220301,47.22,55.21,54.17,62.5
19275,19275,United States,20220101,39.35,45.83,50.6,12.5
19306,19306,United States,20220201,29.63,39.58,45.24,0.0
19334,19334,United States,20220301,27.78,35.42,40.48,0.0
19350,19350,United States,20220101,28.7,45.57,44.94,50.0
19381,19381,United States,20220201,35.19,50.52,52.38,37.5
19409,19409,United States,20220301,35.19,50.52,52.38,37.5
19425,19425,United States,20220101,39.81,54.69,55.36,50.0
19456,19456,United States,20220201,31.48,50.0,50.0,50.0
19484,19484,United States,20220301,31.48,50.0,50.0,50.0
19500,19500,United States,20220101,28.7,47.92,45.83,62.5
19531,19531,United States,20220201,31.48,51.56,50.0,62.5
19559,19559,United States,20220301,27.78,44.79,47.62,25.0
19575,19575,United States,20220101,25.0,34.9,39.88,0.0
19606,19606,United States,20220201,29.63,39.84,41.96,25.0
19634,19634,United States,20220301,37.04,44.79,47.62,25.0
19650,19650,United States,20220101,28.7,38.28,43.75,0.0
19681,19681,United States,20220201,37.04,42.97,49.11,0.0
19709,19709,United States,20220301,,34.38,39.29,0.0
19725,19725,United States,20220101,47.69,55.99,60.42,25.0
19756,19756,United States,20220201,50.46,54.43,58.63,25.0
19784,19784,United States,20220301,35.19,45.83,48.81,25.0
19800,19800,United States,20220101,26.85,39.58,43.45,12.5
19831,19831,United States,20220201,35.19,44.27,48.81,12.5
19859,19859,United States,20220301,35.19,44.27,48.81,12.5
19875,19875,United States,20220101,25.0,38.02,39.88,25.0
19906,19906,United States,20220201,31.48,41.67,44.05,25.0
19934,19934,United States,20220301,35.19,46.87,46.43,50.0
19950,19950,United States,20220101,25.0,44.79,45.83,37.5
19981,19981,United States,20220201,25.0,44.79,45.83,37.5
20009,20009,United States,20220301,25.0,44.79,45.83,37.5
20025,20025,United States,20220101,25.0,41.15,43.45,25.0
20056,20056,United States,20220201,27.78,42.71,45.24,25.0
20084,20084,United States,20220301,27.78,42.71,45.24,25.0
20100,20100,United States,20220101,32.41,42.19,44.64,25.0
20131,20131,United States,20220201,27.78,38.8,40.77,25.0
20159,20159,United States,20220301,27.78,38.8,40.77,25.0
20175,20175,United States,20220101,32.41,47.4,50.6,25.0
20206,20206,United States,20220201,27.78,41.67,47.62,0.0
20234,20234,United States,20220301,27.78,41.67,47.62,0.0
20250,20250,United States,20220101,56.02,56.77,61.31,25.0
20281,20281,United States,20220201,64.35,61.46,66.67,25.0
20309,20309,United States,20220301,64.35,,,25.0
20325,20325,United States,20220101,34.26,47.66,49.11,37.5
20356,20356,United States,20220201,44.44,53.39,55.65,37.5
20384,20384,United States,20220301,38.89,50.26,52.08,37.5
20400,20400,United States,20220101,24.07,41.93,44.35,25.0
20431,20431,United States,20220201,31.48,49.22,49.11,50.0
20459,20459,United States,20220301,31.48,50.0,50.0,50.0
20475,20475,United States,20220101,26.85,41.41,43.75,25.0
20506,20506,United States,20220201,29.63,42.97,45.54,25.0
20534,20534,United States,20220301,27.78,41.93,44.35,25.0
20550,20550,United States,20220101,26.85,44.27,47.02,25.0
20581,20581,United States,20220201,18.52,39.58,41.67,25.0
20609,20609,United States,20220301,,,,
20625,20625,United States,20220101,25.0,36.98,42.26,0.0
20656,20656,United States,20220201,27.78,38.54,44.05,0.0
20684,20684,United States,20220301,27.78,40.1,44.05,12.5
20700,20700,United States,20220101,25.0,39.32,41.37,25.0
20731,20731,United States,20220201,27.78,39.84,41.96,25.0
20759,20759,United States,20220301,27.78,41.67,44.05,25.0
20775,20775,United States,20220101,26.85,43.49,42.56,50.0
20806,20806,United States,20220201,29.63,47.92,47.62,50.0
20834,20834,United States,20220301,29.63,47.92,47.62,50.0
20850,20850,United States,20220101,26.85,38.28,40.18,25.0
20881,20881,United States,20220201,29.63,39.84,41.96,25.0
20909,20909,United States,20220301,29.63,39.84,41.96,25.0
20925,20925,United States,20220101,27.78,36.46,41.67,0.0
20956,20956,United States,20220201,30.56,38.02,43.45,0.0
20984,20984,United States,20220301,30.56,45.83,47.02,37.5
21000,21000,United States,20220101,35.19,51.3,51.49,50.0
21031,21031,United States,20220201,37.96,52.86,53.27,50.0
21059,21059,United States,20220301,37.96,52.86,53.27,50.0
21075,21075,United States,20220101,32.41,50.52,50.6,50.0
21106,21106,United States,20220201,38.89,53.39,53.87,50.0
21134,21134,United States,20220301,27.78,47.92,47.62,50.0
21150,21150,United States,20220101,37.96,47.4,50.6,25.0
21181,21181,United States,20220201,33.33,41.93,44.35,25.0
21209,21209,United States,20220301,31.48,41.67,44.05,25.0
21225,21225,United States,20220101,30.56,45.83,43.45,62.5
21256,21256,United States,20220201,31.48,43.75,50.0,0.0
21284,21284,United States,20220301,29.63,42.71,48.81,0.0
21300,21300,United States,20220101,25.0,40.1,42.26,25.0
21331,21331,United States,20220201,27.78,41.67,44.05,25.0
21359,21359,United States,20220301,27.78,40.89,43.15,25.0
21375,21375,United States,20220101,25.0,40.1,42.26,25.0
21406,21406,United States,20220201,27.78,41.67,44.05,25.0
21434,21434,United States,20220301,27.78,41.67,44.05,25.0
21450,21450,United States,20220101,44.44,51.04,58.33,0.0
21481,21481,United States,20220201,49.07,50.52,57.74,0.0
21509,21509,United States,20220301,49.07,50.52,57.74,0.0
21525,21525,United States,20220101,25.0,42.45,44.94,25.0
21556,21556,United States,20220201,27.78,40.89,43.15,25.0
21584,21584,United States,20220301,33.33,44.01,46.73,25.0
21600,21600,United States,20220101,39.81,53.12,55.36,37.5
21631,21631,United States,20220201,44.44,55.73,58.33,37.5
21659,21659,United States,20220301,44.44,55.73,58.33,37.5
21675,21675,United States,20220101,25.0,40.1,42.26,25.0
21706,21706,United States,20220201,27.78,41.67,44.05,25.0
21734,21734,United States,20220301,27.78,41.67,44.05,25.0
21750,21750,United States,20220101,30.56,50.26,50.3,50.0
21781,21781,United States,20220201,35.19,52.08,52.38,50.0
21809,21809,United States,20220301,31.48,46.88,50.0,25.0
21825,21825,United States,20220101,28.7,44.79,45.83,37.5
21856,21856,United States,20220201,27.78,45.83,47.02,37.5
21884,21884,United States,20220301,31.48,46.35,47.62,37.5
21900,21900,United States,20220101,32.41,41.15,47.02,0.0
21931,21931,United States,20220201,41.67,47.92,54.76,0.0
21959,21959,United States,20220301,,,,
21975,21975,United States,20220101,28.7,42.19,44.64,25.0
22006,22006,United States,20220201,31.48,43.23,45.83,25.0
22034,22034,United States,20220301,31.48,43.23,45.83,25.0
22050,22050,United States,20220101,25.0,41.15,39.88,50.0
22081,22081,United States,20220201,27.78,39.58,41.67,25.0
22109,22109,United States,20220301,27.78,39.58,41.67,25.0
22125,22125,United States,20220101,25.0,40.89,41.37,37.5
22156,22156,United States,20220201,27.78,42.45,43.15,37.5
22184,22184,United States,20220301,27.78,43.23,44.05,37.5
22200,22200,United States,20220101,28.7,43.23,45.83,25.0
22231,22231,United States,20220201,38.89,51.04,54.76,25.0
22259,22259,United States,20220301,35.19,46.87,50.0,25.0
22275,22275,United States,20220101,25.0,38.02,39.88,25.0
22306,22306,United States,20220201,33.33,41.93,44.35,25.0
22334,22334,United States,20220301,27.78,38.8,40.77,25.0
22350,22350,United States,20220101,28.7,43.23,45.83,25.0
22381,22381,United States,20220201,31.48,40.89,43.15,25.0
22409,22409,United States,20220301,31.48,40.89,43.15,25.0
22425,22425,United States,20220101,28.7,45.31,48.21,25.0
22456,22456,United States,20220201,31.48,46.88,50.0,25.0
22484,22484,United States,20220301,31.48,46.88,50.0,25.0
22500,22500,United States,20220101,28.7,46.88,50.0,25.0
22531,22531,United States,20220201,29.63,47.4,50.6,25.0
22559,22559,United States,20220301,27.78,43.49,46.13,25.0
22575,22575,United States,20220101,26.85,40.36,42.56,25.0
22606,22606,United States,20220201,33.33,44.01,46.73,25.0
22634,22634,United States,20220301,29.63,41.93,44.35,25.0
22650,22650,United States,20220101,35.19,42.71,48.81,0.0
22681,22681,United States,20220201,37.96,44.27,50.6,0.0
22709,22709,United States,20220301,39.81,43.23,49.4,0.0
22725,22725,Uzbekistan,20220101,44.44,51.56,48.21,75.0
22756,22756,Uzbekistan,20220201,45.37,52.08,48.81,75.0
22784,22784,Uzbekistan,20220301,45.37,52.08,48.81,75.0
22800,22800,Venezuela,20220101,28.7,31.77,36.31,0.0
22831,22831,Venezuela,20220201,28.7,33.33,38.1,0.0
22859,22859,Venezuela,20220301,28.7,31.25,35.71,0.0
22875,22875,United States Virgin Islands,20220101,42.59,58.33,59.52,50.0
22906,22906,United States Virgin Islands,20220201,38.89,56.25,57.14,50.0
22934,22934,United States Virgin Islands,20220301,36.11,54.69,55.36,50.0
22950,22950,Vietnam,20220101,68.52,65.1,74.4,0.0
22981,22981,Vietnam,20220201,63.89,62.5,71.43,0.0
23009,23009,Vietnam,20220301,66.67,64.06,73.21,0.0
23025,23025,Vanuatu,20220101,19.44,25.52,29.17,0.0
23056,23056,Vanuatu,20220201,22.22,27.08,30.95,0.0
23084,23084,Vanuatu,20220301,22.22,27.08,30.95,0.0
23100,23100,Yemen,20220101,12.04,14.17,16.19,0.0
23131,23131,Yemen,20220201,12.04,14.17,16.19,0.0
23159,23159,Yemen,20220301,12.04,14.17,16.19,0.0
23175,23175,South Africa,20220101,44.44,54.69,55.36,50.0
23206,23206,South Africa,20220201,41.67,53.12,53.57,50.0
23234,23234,South Africa,20220301,37.96,51.04,51.19,50.0
23250,23250,Zambia,20220101,37.96,41.98,42.62,37.5
23281,23281,Zambia,20220201,27.78,36.25,36.07,37.5
23309,23309,Zambia,20220301,27.78,37.81,36.07,50.0
23325,23325,Zimbabwe,20220101,52.78,54.17,61.9,0.0
23356,23356,Zimbabwe,20220201,50.0,52.6,60.12,0.0
23384,23384,Zimbabwe,20220301,,,,
